TITLE,PRICE
Samsung Galaxy A15 4G Dual SIM 128 GB Azul claro 4 GB RAM,879
Console Sony PlayStation 5 Standard Edition 825GB,3.543
Kit Com 5 Camisetas Masculinas Básicas Hering ,127
Smart Tv LG 50 Led 4k Uhd Wi-fi Bluetooth Hdr10 50ur871c0sa,2.129
Gel De Limpeza Facial Effaclar Concentrado 300g La Roche Posay,65
Vichy Dercos Thechnique  Shampoo Antiqueda 400 g,109
Samsung Galaxy S23 256 GB 5G Preto 8 GB RAM,2.903
Máquina de lavar semi-automática Libell Premium 10 branca 10kg 127 V,479
Protetor Anthelios Airlicium Sem Cor Fps 80 Antioleosidade 40g La Roche-posay,65
Smart Tv C645 Qled 55 4k Google Tv Dolby Vision Gaming Tcl,2.412
Kit Potes Herméticos Plásticos Cinza 8 Unidades Electrolux,69
"Notebook Acer Aspire 5 A515-57-55b8 Intel Core I5 8gb 256gb SSD 15,6'' W11",2.789
Samsung Galaxy A15 4G 256GB 8GB RAM Dual SIM Verde claro,949
Creatina Monohidratada 600g 100% Pura Soldiers Nutrition,105
Mercado Pago: Point Pro2 - A Maquininha De Cartão + Completa,119
Smart Tv Samsung 32'' Hd Tizen T4300 Bivolt,1.080
Tablet Samsung Galaxy Tab A9+ 5g 64gb 4gb Ram Grafite,1.268
Notebook Samsung Galaxy Book2 I5-1235u Windows 11 Home 8gb 256gb Ssd Grafite,2.769
Fritadeira Sem Óleo Air Fryer Afn-40-bft 4l 1500w Mondial Cor Preto 110V,338
"Samsung Galaxy A15 5G Tela de 6.5"" 90Hz 256GB Dual Chip Azul Claro",1.160
Impressora Multifuncional Hp Smart Tank 581 4A8D5A Cor Preto 110V/220V,799
Smart Tv Led 42'' Ptv42g6fr2cpf Roku Dolby Audio Preta Philco 110V/220V,1.297
Creatina Monohidratada 500g 100% Pura Soldiers Nutrition,99
Robô Aspirador Wap Robot W90 3 Modos De Limpeza Fw009026,329
Notebook Samsung Galaxy Book Go NP340XLA-K06BR Snapdragon 4GB 128GB SSD UFS Windows 11 Home,1.499
Motorola Moto G04 Dual SIM 128GB Grafite 4GB RAM,699
Kit Potes Herméticos Plásticos Cinza 12 Unidades Electrolux,99
Tv Smart LG Led 43 4k Al Thinq 43ur781c Wi-fi Bluetooth Alexa 100v/240v,1.749
Impressora Multifuncional 3 Em 1 Ecotank L3250 Preta Epson Cor Preto Bivolt,1.029
Jogo De Lençol Queen 3 Peças 400 Fios C/ Elástico Hotel,41
"Tablet Positivo Twist Tab+ 2GB RAM, 64GB, 7"", Android 11 Go, Bateria 3100mAh - Grafite",314
Kit 10 Cuecas Masculinas Boxer Microfibra Polo Wear Sortido,99
Vaso Sanitário Monobloco Caixa Acoplada Completo - Privada Cor Branco,572
Samsung Galaxy A34 5G 256 GB 8 GB Preto,1.549
Smart TV LG 32’’ LED HD 32LQ621 Bivolt Preta - Experiência Visual Incrível,1.079
Impressora Térmica Epson Tm-t20x Usb/serial Não Fiscal,608
Kit 5 Camisetas Básicas Masculina Dry Fit Lisa Tradicional ,67
Kit 4 Refletor 400w Led 6500k Bivolt Prova Agua Branco Frio Cor da carcaça Preto Cor da luz Branco-frio 110V/220V,1.079
Camera Ip Inteligente Lampada Panoramica Yoosee Wifi E Espiã,69
Smart Tv 50'' 4k Uhd 50cu7700 2023 Preta Samsung,2.393
Bepantol Baby creme 120gr,39
Kit 10 Cuecas Lupo Boxer Masculinas Atacado Box 523 Algodão,183
Micro-ondas Me36b Efficient 36 Litros Branco Electrolux 110V,699
Câmera de segurança Intelbras iM3 com resolução de 2MP visão nocturna incluída branca,224
"Smartphone Moto G24 Tela 6,6'' Dual Sim 128gb Verde Motorola",797
Smart Tv 50pug7408/78 50 4k Google Tv Uhd Led Philips,1.999
Tablet Samsung Galaxy Tab A9 Enterprise Edition Android 8.7 Cor Cinza,989
"Fritadeira Air Fryer Britania Bfr38 4,2 Litros 1500w - 127v Cor Preto",259
"Fritadeira Air Fryer Britania Bfr38 4,2 Litros 1500w - 127v Cor Preto",259
Câmera Externa Ip Prova D'água Infravermelho Externa Wifi Hd,119
Samsung Galaxy A15 4g 256gb 8gb RAM Dual SIM Azul claro,1.044
Smart Tv 43'' Android Dolby Aws-tv-43-bl-02-a Aiwa Bivolt,1.376
Furadeira parafusadeira sem fio de 10mm Wap BPF 12K3 12V + acessório 110V/220V,179
Panela De Pressão Elétrica Digital 5l Mondial Preto Pe-38 Frequência 60hz 110V,409
Kit Com 5 Camisetas Masculinas Básicas Hering ,127
Kit 5 Camisetas Básicas Masculina Dry Fit Lisa Tradicional ,67
Parafusadeira Furadeira 21v 2 Baterias Titanium C/ Kit Acess,219
Maquina Acabamento Recarregável Detalhe Cabelo Barba Sem Fio,19
Câmera Externa Ip Prova D'água Infravermelho Externa Wifi Hd Cor Branco,107
Motorola Moto G54 5G 256 GB Vegan Leather Verde 8GB RAM,1.205
Samsung Smart Tv 50 Polegadas Qled 4k Q60d 2024,2.585
Impressora Multifuncional Hp Scanner Bivolt Completa Preta Cor Preto 110V/220V,399
Carrinho De Bebê Spot Voyage - Preto Geo Cor Preto-geo,464
Kit 10 Cuecas Lupo Boxer Masculinas Atacado Box 523 Algodão,183
Kit 3 Calças Jeans Masculina Modelo Slim Envio Imediato,150
Fone De Ouvido Bluetooth Sem Fio Tws Microfone Todos Celular,39
Lavadora De Alta Pressão Kärcher Compacta 1500psi 1400w Cor Amarelo 110V,343
Mesa Em L Industrial Escrivaninha De Canto Nórdico Vintage Ferro E Madeira Laminada Com Preto E-led,198
Samsung Galaxy A15 5G Dual SIM 128GB Azul Claro 4GB RAM,999
Smart Tv 32'' Android Dolby Aws-tv-32-bl-02-a Aiwa Bivolt,1.042
Impressora Hp Deskjet Ink Advantage 2774 Multifuncional Cor Preto 100V/240V,469
Kit 2 Câmera Ip Wifi Dome Rotativa Visão Noturna A8 Cor Branco,184
Parafusadeira Furadeira 3/8 Bivolt A Bateria 12v Cor Amarelo Frequência 60Hz 110V/220V,106
Wap GTW aspirador de pó e água 1400w 12 litros cor prateado 110V,379
Motorola Moto G24 128gb Rosa Dual Sim 4gb Ram Tela De 6.6 Hd+,797
"Smart TV LG UHD AI ThinQ 55UR871C0SA-C LCD webOS 4K 55"" 100V/220V",2.339
Fritadeira Sem Óleo Air Fryer Afn-40-bft 4l 1500w Mondial Cor Preto 220V,338
"Jogo C/ 4 Toalha De Banho Gigante 70 X 1,40 Toalhão Algodão",69
Chapinha de cabelo Lizze Profissional Extreme cinza 220V,417
Ventilador Bvt400 Maxx Force 2 Em 1 150w Preto Britânia 110V,148
Motorola Moto G54 5G 128GB Grafite 4GB RAM,1.099
Smart TV 40'' PTV40E3AAGSSBLF Android LED Dolby Audio Processador Quad Core Philco 100V/240V Preto,1.270
Lorenzetti Acqua Ultra Duo chuveiro elétrico de parede preto-cromado,490
"Notebook Samsung Galaxy Book2, Intel Core I3-1215U, 4GB, 256GB SSD, Windows 11 Home, Tela 15.6"" - NP550XED-KT3BR",2.184
Edredom Sherpa Cobertor E Coberdrom Casal Queen Grosso Cores,128
Impressora a cor multifuncional Epson EcoTank L3250 com wifi preta 220V,1.109
Motorola Moto G54 5G 256 GB Azul 8 GB RAM,1.259
Smart TV PTV43E3AAGSSBLF 43” Led Android Dolby Audio Com Wi-fi Philco 100V/240V,1.458
Relógio Smartwatch W69 Ultra Series 9 Android Ios Amoled Nfc,176
"Fritadeira Airfryer Digital Philips Walita 4,1l Ri925 110v Cor Preto",439
Conjunto Jogo 13pç Antiaderente Teflon Inmetro Tampa Vidro,290
Impressora Hp 584 Multifuncional Smart Tank Wifi Bivolt Cor Preto 110V/220V,799
"Samsung Galaxy A54 5g 6,4'' 128gb 8gb Ram Preto",1.767
Smart Tv Led 50 Rk8600 Roku tv 4k Uhd Hdr Wifi Dual Band Semp 110V/220V,1.979
Transformador 5000va V&m Bivolt 110 220 E 220 110 12000 Btus,187
Fritadeira Air Fryer Oven Philco Pfr2200 4 Em 1 12l 1800w Cor Preta 220V,672
Kit Com 10 Cuecas Boxer Algodão Sem Costura Zorba,164
Samsung Galaxy A34 Dual Chip 5G 128GB Preto 6GB RAM,1.378
Smart Tv 43 Britânia Led Btv43e3aagssgblf Android Tv Dolby,1.342
Fogão de pé Atlas Atenas Glass 5Q multigás 5 queimadores Preto 127V/220V porta com visor 86.5L,1.116
Notebook Ultrafino Ideapad 3 R7 12gb 512gb Linux 82mfs00600 Cor Cinza,2.839
Escova Secadora Bec07r Soft 4 Em 1 1300w Britânia Bivolt,106
Tênis Feminino Carina L Puma,227
Samsung Galaxy A15 4G Dual SIM 128 GB Azul escuro 4 GB RAM,894
Smart TV 50'' Crystal UHD 4K 50CU8000 Design Air Slim 2023 Cor Cinza Titan Samsung 110V/220V,2.327
Kit Com 10 Cuecas Boxer Algodão Sem Costura Zorba,164
Kit Com 5 Camisetas Masculinas Básicas Hering ,127
Kit 5 Camisetas Básicas Masculina Dry Fit Lisa Tradicional ,67
Kit 3 Calças Jeans Masculina Modelo Slim Envio Imediato,150
Microondas Electrolux 31 Litros Capacidade Prata Mi41s 220V,799
Intelbras FR 10 Cor Preto Black Piano,262
Parafusadeira Furadeira 21v 2 Baterias Titanium C/ Kit Acess,219
Smart Tv S5400a 43 Led Fhd Android Tv Tcl Bivolt,1.599
Fogão cooktop gás Itatiaia NG 4 bocas preto 127V/220V,339
Maquina Acabamento Recarregável Detalhe Cabelo Barba Sem Fio,19
Kit 10 Cuecas Lupo Boxer Masculinas Atacado Box 523 Algodão,183
Câmera Externa Ip Prova D'água Infravermelho Externa Wifi Hd,119
Medidor De Pressão Arterial Automatico De Braço Gtech La800 Cor Branco,123
Secador De Cabelo Taiff Black Ion Profissional Original2000w Cor Preto 110V,252
Fogão  de pé Atlas Atenas Glass  4Q  gás engarrafado 4 queimadores  preto 127V/220V porta com visor 50L,804
Prancha Lizze Chapinha Extreme Profissional 480ºf Salão Cor Cinza 110V,417
Talha Manual 1 Tonelada 1000 Kg Com Corrente 3 Metros Trato,286
Aspirador De Pó Turbo Cycle Ap-34 800w Mondial Cor Branco/Lilás 110V,139
Samsung Galaxy A54 5g 256gb 8gb Verde Lima,1.999
Smart Tv 50'' Aws-tv-50-bl-02-a 4k Android Hdr10 Dolby Aiwa 110V/220V,2.089
 Litet BB456 cadeira para auto 0-36kg mass preta cor preto liso,757
Electrolux 2 em 1 PowerSpeed STK15 cinza 1.6L 127V,237
 Apple iPhone 14 (128 GB) - Amarelo - Distribuidor Autorizado,3.799
Smart Tv 32 Hd Roku Tv 32s5135/78g Preta Aoc Bivolt,1.016
 Lizze Chapinha de cabelo Profissional Extreme cinza 127V,417
"Monitor Fmaxx Led 17 Com Hdmi, Vga, Vesa - 100v/240v Cor Preto",279
Batedeira Planetária Pbp600p Turbo 600w Preto Philco 127v,380
Cerveja Puro Malte Lager Premium Com 8 Latas 269ml Heineken,28
Samsung Galaxy A34 5G 5G 256 GB preto 8 GB RAM,1.639
"Smart TV Samsung BET-B HD 32"" Bivolt",1.136
Ar Condicionado LG Voice Dual Inverter Ia 9000 Btus Só Frio 220v Branco,2.379
Parafusadeira Furadeira 21v Bivolt 2 Baterias Profissional Cor Preto 110V/220V,228
Bicicleta Ergométrica Vertical Dobrável Exercicio Para Perna Cor Preto,1.184
Monitor Gamer LG Ultragear 24'' 144Hz 1ms Full HD,919
Motorola Moto G24 128gb Grafite Dual Sim 4gb Ram Tela De 6.6 Hd+,843
Smart Tv 43 Britânia Btv43g7pr2csblf Led Fhd Roku 110v/220v,1.282
Micro-ondas de Bancada Electrolux Branco 27L com 55 receitas pré-programadas no Menu Online MB37R 127v,619
Kit Jogo De Ferramentas Completo C/ Soquetes E Chaves,128
Notebook Asus Vivobook Pentium Gold 7505 4gb 128ssd W11 Fhd,1.729
Ar Condicionado Inverter Windfree Sem Vento Connect Samsung 12000 BTUs Só Frio 220v,2.761
Aparelho Medidor De Pressão Arterial Digital De Braço Hem-7320 Omron,304
Aspirador De Pó Philco Pas4000v Power Clean Cor Preto 127V,267
Sony Playstation 5 Marvel's Spider-Man 2 825GB Standard,3.729
Whisky Grand Old Parr 12 Anos 1L,116
Multilaser E 2 Dual SIM 32 GB preto 1 GB RAM,197
"Fritadeira Elétrica AF-30-I Air Fryer Sem Óleo 3,5L Cor Preto e Inox Mondial 127V",299
Suplemento Em Pó Integralmedica Creatina Hardcore Sabor Neutro 300mg por dose,75
Som automotivo Pioneer MVH X3000 com USB e bluetooth e radio,568
Micro-ondas Philco 20 L Pmo23bb Multifunções Branco 110v,579
"Smartphone Moto G04 Tela 6,6'' 128gb Dual Sim Coral Motorola",699
"Smart TV 65"" 4K LG UHD ThinQ AI 65UR8750PSA HDR Bluetooth Alexa Google Assistente Airplay2 3 HDMI",3.224
"Smartphone Moto G04 Tela 6,6'' 128gb Dual Sim Coral Motorola",699
"Smart TV 65"" 4K LG UHD ThinQ AI 65UR8750PSA HDR Bluetooth Alexa Google Assistente Airplay2 3 HDMI",3.224
"Umidificador Ar Ultrassônico Digital Elgin 2,5l Bivolt Cor Branco",149
Kit 3 Calças Jeans Masculina Modelo Slim Envio Imediato,150
Câmera Externa Ip Prova D'água Infravermelho Externa Wifi Hd,119
"Jogo C/ 4 Toalha De Banho Gigante 70 X 1,40 Toalhão Algodão",69
Caixa De Som Torre Double 12pol 2200w Pulse Multilaser Sp500,1.559
"Monitor gamer LG UltraWide 34WP550 LCD 34"" preto 100V/240V",1.679
Kit Com 10 Calcinhas Tanga Sem Costura Corte Laser Atacado,53
Apple iPhone 13 (128 GB) Meia-noite - Distribuidor Autorizado,3.637
"Smart TV Samsung BET-M Full HD 43"" 110V/220V",1.699
Suplemento Em Pó Dark Lab Premium Em Refil De 500g,98
Conjunto Jogo 13pç Antiaderente Teflon Inmetro Tampa Vidro,290
Fone De Ouvido Bluetooth Sem Fio Tws Microfone Todos Celular,39
Kit Com 10 Cuecas Boxer Algodão Sem Costura Zorba,164
Caixa De Som Bluetooth Flip 6 30w Rms Jbl Cor Preto 110V/220V,611
Console Playstation 5 Edição Digital 825gb Com God Of War Ragnarök Sony Cor Branco/Preto,3.699
Calça De Sarja Masculina Bolso Faca/embutido C/ Lycra,60
 Moto G54 Dual SIM 256 GB grafite 8 GB RAM,1.299
Micro-ondas Philco Pmo34bb Limpa Fácil & Tira Odor 34l 1400w 220V,589
Smart Tv Led 32 S5400af Tcl Fhd Android Tv,1.129
Maquina De Solda Elétrica Inversora Mma Máscara + Acessórios,348
Panificadora Britânia Multipane 12 Programações Cor Preto 127V,538
Calça Skinny Preta Masculina Jeans Com Elastano Lycra 2023,53
"Samsung Galaxy A15 5G Tela de 6.5"" 90Hz 128GB Dual Chip Verde Claro",939
Vinho La Piu Belle Rose 750ml Bodega Vik,99
Micro-ondas Electrolux 20 Litros Função Tira Odor Branco Mto 220V,549
Mercado Pago: Máquina De Cartão Point Smart 2 4g Wifi,279
Fone De Ouvido Qcy T13 Com 4 Microfones E Bluetooth 5.1 Cor Preto,161
Britânia Fritadeira Air Fryer BFR21P 4L 1500W 110v,349
Samsung Galaxy A15 128gb Azul-escuro 4gb RAM Tela 6.5 90hz 5G Dual SIM,999
"Smart TV LG AI ThinQ 43LM631C0SB LED webOS Full HD 43"" 100V/240V",1.598
Jogo De Panelas Paris 10 Peças Vermelho Tramontina,432
Escova Secadora Britânia Bec02pr Bivolt 4 Em 1 1300w Cor Preto e Rosa 110V/220V,113
Câmera De Video Wi-fi Full Hd Im7 Full Color Branca Intelbras,539
Kit 12 Pares Meia Masculino Cano Curto Soquete Varias Cores,29
Samsung Galaxy A24 128 GB preto 4 GB RAM,1.099
Caixa Amplificada Connect Lights Cm-400 Preta Mondial Bivolt Cor Preto 110V/220V,472
Micro-ondas Com Menu Fácil 32 Litros Cms46ar Cinza Consul 110V,714
Select Fibras Luxo kit 2 travesseiros fibra antialérgica 70cm e 50cm branco,74
Smart Tv 65'' Crystal 4k Cu8000 Samsung Bivolt,3.599
Impressora a cor multifuncional Epson EcoTank L3250 com wifi preta 110V,1.109
Kit de 2 pneus Itaro Pneu de Carro MH01 175/65R14 86-530 kg T,523
NYBC Mop giratório com cesto em inox cor vermelho e preto,62
Máquina de Lavar 14kg Electrolux Essential Care Cesto Inox 127v,1.927
Smart Tv 58'' Ptv58g7pagcsbl Android Tv 4k Led Philco Bivolt,2.379
Câmera de Vídeo Inteligente Wi-Fi Full HD iM3 C Black Intelbras,229
"Furadeira e Parafusadeira 13mm Sem Fio Dewalt, Modelo DCD7781D2 Furadeira de Impacto com Maleta de Ferramentas 2 Baterias 1 Carregador Bivolt",1.149
Electrolux Powerspeed aspirador de pó Stk15 vertical com fio 1450w 2 em 1 ultra filtro hepa cor cinza 220v,259
Apple iPhone 13 (128 GB) - Estelar - Distribuidor Autorizado,3.637
Kit 50 Cabides Veludo De Roupa Antideslizante Slim Adulto Cor Preto,109
Cafeteira Elétrica Efficient Ecm10 15 Xícaras Electrolux Cor Inox 110V,117
Kit Câmera Interna Wi-fi Intelbras Im3 + Microsd 32gb Cor Branco,269
"Sofá Retrátil/reclinável Verona 2,00m Velut Cinza C/ Molas",1.199
Cafeteira Elétrica Efficient Ecm10 15 Xícaras Electrolux Cor Inox 110V,117
Kit Câmera Interna Wi-fi Intelbras Im3 + Microsd 32gb Cor Branco,269
"Sofá Retrátil/reclinável Verona 2,00m Velut Cinza C/ Molas",1.199
Kit 5 Camisetas Básicas Masculina Dry Fit Lisa Tradicional ,67
Maquina Acabamento Recarregável Detalhe Cabelo Barba Sem Fio,19
Kit 10 Cuecas Lupo Boxer Masculinas Atacado Box 523 Algodão,183
Tablet Samsung Sm-x210nzaazto A9+wifi 11 4gb Ram 64gb Cor Grafite,1.179
Depurador Slim Dps161pt 60cm 3 Velocidades Preto Suggar 110v 127V,282
Fone de ouvido over-ear gamer sem fio PlayStation Pulse 3D CFI-ZWH1 branco e preto,499
Apple iPhone 12 (128 GB) - Branco - Distribuidor autorizado,3.134
Smart Tv P635 55'' Led 4k Uhd Hdr Google Tv Tcl Bivolt,2.273
Furadeira Industrial Impacto Rev 450w Gsb 450 Re Bosch + Kit,374
Kit 3 Calças Jeans Masculina Modelo Slim Envio Imediato,150
Câmera Externa Ip Prova D'água Infravermelho Externa Wifi Hd,119
"Jogo C/ 4 Toalha De Banho Gigante 70 X 1,40 Toalhão Algodão",69
Caixa De Som Bluetooth Xtreme 3 50w À Prova D'água Preta Jbl 110V/220V,1.179
Samsung Galaxy A15 Dual SIM 5G 256GB Azul-escuro 8GB RAM ,1.199
Mercado Pago: Máquina De Cartão Point Air - 4g/wifi E Nfc,79
Lavadora de alta pressão Kärcher Uso Intensivo HD 585 Prof S cinza e preta de 2.2kW com 2176psi de pressão máxima 220V - 60Hz,2.294
Creatina Monohidratada 100% Pura Pote 300g Dux Nutrition,90
Roupa Íntima Tena Pants Noturna P/m 24 Unidades,100
Jogo De Soquete 1/2 Pol Catraca Reversível 22 Peças Cor Amarelo,174
Xiaomi Redmi Note 13 4G Dual SIM 256 GB preto 8 GB RAM,1.181
Kit Com 5 Camisetas Femininas Básicas Hering,127
Lavadora Desobstruidora Alta Pressão 1800w Wl 2660 Turbo Wap Cor Unic 220V,882
"Fritadeira Elétrica Sem Óleo Forno Air Fryer 12l 1800w Wap Airfry Oven Digital Com Cesto 4,5l E 2 Grelhas Com Duplo Revestimento Antiaderente Graystone, Bandeja E Porta Removível, Inox, 12 Litros 127v",749
Bateria Moto Titan Fan Biz Bros Fazer 125 150 160 Mix Flex,145
Máquina de solda inverter Trato TIN160 verde e preta 60Hz 127V/220V,352
Multilaser G3 4G 32 GB Preto 2 GB,360
Notebook Acer A315-24p-r611 R5 8gb 256gb Ssd 15.6'' W11h Cor Prateado,2.465
Kit Com 12 Cuecas Boxer Masculina Sem Costura Polo Wear,110
Samsung Smart Tv 58'' Uhd 4k 58cu7700 2023,2.616
"Fritadeira Digital Philips Walita 4,1l Vermelha 220v Ri9252 Cor Vermelho",395
Pneu Kumho Ecowing ES31 P 185/65R15 88 H,303
Samsung Galaxy A15 4G 256GB 8GB RAM Dual SIM Azul escuro,1.189
Calça Masculina Sarja Slim - Elastano - Esporte Fino,74
Geladeira RE31 Cycle Defrost 240L branca Electrolux 127V,1.879
Soprador Térmico Articulado 2000w/1500w 300 À 600°c Razi,81
Balança Digital Corporal Bioimpedancia Aplicativo Bluetooth,153
"Monitor 18.5"" E970SWHNL - AOC",429
Samsung Galaxy A25 256gb 8gb Ram Tela 6.5 120hz 5g Dual Chip Cor Azul-escuro,1.371
"Kit Completo Aerografia Mini Compressor Ar + Aerógrafo 0,3mm",257
Philco Branca Pfe52b Preto 50 Litros,399
Máquina Solda Mig 150a Sem Gás 3 Em 1 Tig Lift Eletrodo 220v Cor Laranja Frequência 50 Hz/60 Hz,882
Sutiã Lupo Original Loba Sem Costura Soutien Antimicrobial,39
Air Fryer Oven EAF90 12L Digital Experience 1700W por Rita Lobo Cor Grafite Electrolux 127V,890
Calça Legging Lupo Sport Feminina Fitness Academia Original,121
Monitor Lcd Full Hd Antirreflexo 21.5  Lenovo Thinkvisio Cor Preto 100V/240V,579
Ventilador Arno Turbo Force 2 Em 1 Mesa/parede Vf42 - 127v,208
Parafusadeira Furadeira 16v 10mm Bivolt Schulz C/ Kit Maleta,154
Samsung Galaxy S23 FE 5G Dual SIM 256 GB Grafite 8 GB RAM,2.763
Short Praia Masculino Bermuda Verão Academia Treino Corrida,33
Nebulizador Compressor G-tech Compact Dc1 Branco 100v/240v,99
Escova Rotating Air Brush Diamond Brilliance Conair 110V,446
Mochila Masculina Impermeável Faculdade Alça Reforçada,89
Smart Tv 55pug7408/78 55'' 4k Uhd Led Google Tv Philips,2.279
Chave De Impacto A Bateria 21v Bivolt Tb-21i The Black Tools,358
Câmera Externa Ip Prova D'água Infravermelho Externa Wifi Hd,119
"Jogo C/ 4 Toalha De Banho Gigante 70 X 1,40 Toalhão Algodão",69
Conjunto Jogo 13pç Antiaderente Teflon Inmetro Tampa Vidro,290
"Terno Italiano Slim, Promoção Imperdível Todas As Cores",157
"Fritadeira Elétrica Sem Óleo Air Fryer 5.2l 1500w Wap Airfry Grand Family Com Duplo Revestimento Antiaderente Graystone, Cesto E Grelha Removíveis, Alça Removível, Fácil Limpeza, Cuba 5,2 Litros 127v",389
Kit 12 Utensílios De Cozinha Em Silicone E Cabo De Madeira,44
Máquina De Solda Inversora Esab Bantam 3.2 Bivolt 110v/220v,549
Câmera de segurança Hikvision DS-2CE10DF0T-PF 2.8mm com resolução de 2MP visão nocturna incluída branca,156
Mor Barraca Camping 409033 para até 4 pessoas iglu,125
Fone De Ouvido Bluetooth Sem Fio Tws Microfone Todos Celular,39
Kit Com 10 Cuecas Boxer Algodão Sem Costura Zorba,164
Kit Com 5 Camisetas Masculinas Básicas Hering ,127
"Fritadeira Air Fryer 3,2 Litros Af-33 Maxis 110V",289
Cuba Pia Para Banheiro Lavabo Apoio Sobrepor Luna Branco Cozimax,156
G-Tech GP400 Branco Medidor De Pressão Arterial Digital,67
"10 pcs Pallet Estrado Plásticos Preto 25x50x2,5cm Piso Plástico Modular Marwell",56
Kit De Pesca Completo 10kg C/ 2 Varas + 2 Molinetes + Itens ,128
Smart Tv Led 43'' Full Hd Roku Tv Wifi R6500 Semp,1.499
Point Mini Nfc - A Maquininha De Cartões Do Mercado Pago,22
Liquidificador Daily 2 Litros Ri2110 Philips Walita 110v,98
Projetor Hy320 Wifi Hd 390 Ansi Android 13.0 Smart Tvbox Br,660
Parafusadeira Furadeira Profissional Bivolt 02 Baterias 21v,289
Ferro De Passar A Vapor Esi10 Efficient Azul Electrolux 110V,92
Smart Tv 43pfg6918/78 Full Hd 43'' Google Philips 110v/220v,1.609
Impressora Térmica Bematech Mp-4200 Adv Usb Rede Serial,671
Caixa De Som Bluetooth Partybox Encore Essential 100w Jbl Cor Preto 110V/220V,1.597
Motorola Moto G84 5G 256 GB Viva Magenta 8 GB RAM ,1.500
Berço Portátil Infantil Cercado 0-15kg Grafite Lazy Maxibaby,407
Banco De Supino Academia Em Casa Ginastica Exercit Esportes,894
Smart Tv 32'' Hd Assistentes Integrados 32lq620 LG Bivolt,1.088
Impressora 3x1 Multifuncional Epson Ecotank L3250 Wifi Biv Cor Preto 100V/240V,1.114
Câmera De Monitoramento Tapo C200 V1 Full Hd Branca Tp-link,239
Fone De Ouvido Bluetooth Sem Fio Tws Todos Celular Microfone,23
Carrinho De Bebê Toffy Cosco - 0 À 15 Kg - Preto Absoluto,407
Dispositivo de streaming para TV com controle remoto Roku Express,199
"Fritadeira Sem Óleo Air Fryer Af-55i 5,5l Preto e Inox 127V Mondial",429
Berço Portátil Infantil Cercado 0-15kg Cinza Lazy Maxi Baby,407
Kit 2 Câmera Segurança Ip Wifi Lâmpada Prova Dágua Giratória,133
Purificador Água Novo E-due Equilibrium Grafite Ibbl Bivolt,468
 Pistola Semi-automatica 6mm Esfera Aço Gas Co2 Airgun + Kit,659
Caixa Amplificada Connect Power Plus CM-550 Preto Mondial Bivolt,519
Samsung Galaxy A34 5g 128gb 6gb Ram Preto,1.405
Notebook Lenovo Core I3-1115g4 8gb 256gbssd 15 W11,2.499
Mi Tv Stick Xiaomi Controle De Voz Full Hd 8gb 1gb Ram Cor Preto,279
Arame Farpado Top 500m + Brinde,326
Carregador Turbo 20w P/ iPhone 8 Plus X Xr 11 12 13 Pro Max,38
Secador De Cabelos Scn50 2000w Branco E Gold Rose Mondial,108
Cuba Pia Cozinha Gourmet Aço Inox 50x40 Tubrax C/ Acessórios,195
Soprador De Folhas A Gasolina Profissional Muito Forte Leve Cor motor,589
Kit Teclado E Mouse Sem Fio Mk220 Preto Logitech,121
Smart Tv Led 50 Google Tv Uhd 4k Tcl 50p635 3 Hdmi 1 Usb,2.007
Smart Tv Led 50 Google Tv Uhd 4k Tcl 50p635 3 Hdmi 1 Usb,2.007
Lavadora Alta Pressão Wap 1500p Atacama Black+ Desentupidora,399
Sandália Feminina Brilho Strass Tendência Moda Original,69
Kit 5 Camisetas Básicas Masculina Dry Fit Lisa Tradicional ,67
Parafusadeira Furadeira 21v 2 Baterias Titanium C/ Kit Acess,219
Maquina Acabamento Recarregável Detalhe Cabelo Barba Sem Fio,19
Pack Cerveja Pilsen Skol Lata 15 Unidades 269ml Cada Embalagem Econômica,37
Escrivaninha Mesa Office Estudo Estilo Industrial Cor Preto/Imbuia,199
Fritadeira Elétrica Air Fryer Bfr25p 1500w Britânia 110v,239
Cafeteira portátil Nescafé Dolce Gusto Arno Mini Me automática preta para cápsulas monodose 220V,418
Ventilador Oscilante De Parede Ventisol 3 Pás 50cm New 130W Preto 127V,267
Refletor Led 100w Smd Prova D´água Ip66 Holofote 6500k ,37
Kit 10 Cuecas Lupo Boxer Masculinas Atacado Box 523 Algodão,183
Kit 3 Calças Jeans Masculina Modelo Slim Envio Imediato,150
Câmera Externa Ip Prova D'água Infravermelho Externa Wifi Hd,119
Caneta Pencil Wb Compatível C/ iPad Com Palm Rejection 1.0mm,198
Refletor Led 200w Bivolt Branco Frio 6500k Cor da carcaça Preto Cor da luz Branco-frio 110V/220V,101
Kit 10 Cadeira Iso Fixa Plástica Empilhável  Preto,796
Impressora Laser Monocromática Brother HL-1202 Usb  110V,799
Suplemento Ensure Advance Morango com Banana 850g,80
Jogo Lençol Solteiro Percal 400 Fios 2 Pç Suave Ponto Palito,39
Ar-condicionado Portátil Philco Pac12000f5 Frio Vírus Protec Cor Branco 127V,2.879
Ar Condicionado Inverter 9.000 Btus Springer Midea Só Frio Cor Branco 220V,2.039
"Cortina Blackout Tecido Grosso 2,80x2,30 Porta Sala Quarto",109
Ventilador De Teto Loren Sid Lumi M3 Branco Com 3 Pás 127 v 127V,210
Panela De Pressão Elétrica Pcc20 6l Inox Preta Electrolux Frequência 60 Hz 110V,625
Kit 3 Massageador Portátil Recarregável Dor Pescoço Coluna,29
 Kit Motor Portao Eletronico Garen 1/4hp 400kg 2controles 3m,347
Fone de ouvido in-ear Gamer sem fio Bluetooth F9-5 TWS Shenzhen Yihaotong,27
"Fritadeira Air Fryer Pfr15pg Gourmet 4,4l Black Philco 110v",334
Fritadeira Air Fryer Oven Philco Pfr2200 4 Em 1 12l 1800w Cor Preta 220V,672
Manclub®  - Aparador De Pelos Elétrico - Cortador De Grama,264
Lavadora De Alta Pressão Karcher K2 Plus 1740psi 1400w,499
Furadeira Parafusadeira Bateria 12v Hp333dwyx3 Makita,490
Notebook Lenovo Ideapad 1i Intel Core I5-1235u 8gb 512gb 15.6'' W11,2.865
Baba Eletrônica Motorola Vm483 Visão Noturna 2.4ghz Tela 2.8,539
Jogo Panelas 7 Peças Turim Tramontina Antiaderente Alumínio Cor Preto,293
Passadeira A Vapor Portatil Bvp02l Britânia 110v,142
Ventilador De Mesa Mondial 40cm Super Power Vsp-40-b  Cor Preto e Prata 127V 140W,208
Smart Tv 50'' 4k 50nano77 Nanocell Thinq Ai E Webos LG,2.440
Fritadeira Sem Óleo Air Fryer 8l Afn-80-fb Mondial Cor Preto 110V,589
 Motorola Moto E22 Dual SIM 128 gb Azul 4 gb RAM,797
"Furadeira Parafusadeira 13mm Fatmax Stanley, Modelo SCD711C2K, Sem Fio com Maleta de Ferramentas, Furadeira de Impacto, 2 Velocidades, 2 Baterias, 1 Carregador, Bivolt",717
"Aspirador de pó vertical com fio STK14 2 em 1 Hepa 1300W 1,6L Azul escuro 127v",199
Camiseta Treino Manga Curta Logo-azul adidas,69
Varal Mor 6105 de chão cor branco de 144cm x 49cm x 89cm desdobrado,99
Fone De Ouvido Philips True Wireless Tat1108bk/00 color Preto ,138
 Pampers premium care 60 unidades xg  fralda jumbo,99
Cabides Komforta Kit 50 Unidades De Acrilico Transparente Adulto Organizador,66
"Soundbar Samsung Hw-b555, 2.1 Canais, Bluetooth, Subwoofer Cor Preto 110V/220V",1.259
Panela De Arroz Fast Rice 5 Premium Npe-08-5x Mondial Frequência 60HZ 110V,158
Semp Smart Tv Led 32 Pulgadas Com Roku R6500 Dual Band Semp Bivolt,1.049
Barbeador Aparador Elétrico One Blade Philips Qp2724/10,183
Parafusadeira/furadeira C/ Impacto Vonder 12v Bivolt Pfv120i,218
Barbeador Aparador Elétrico One Blade Philips Qp2724/10,183
Parafusadeira/furadeira C/ Impacto Vonder 12v Bivolt Pfv120i,218
Driver Eros E-405 Trio Fenólico 200 Watts Rms 8 Ohms,674
"Jogo C/ 4 Toalha De Banho Gigante 70 X 1,40 Toalhão Algodão",69
Conjunto Jogo 13pç Antiaderente Teflon Inmetro Tampa Vidro,290
Fone De Ouvido Bluetooth Sem Fio Tws Microfone Todos Celular,39
Microsoft Office 365 Personal Mac / Pc (box) Licença Anual,128
Máquina de costura reta Singer Facilita Pro 4411 portátil cinza/branca 220V,1.112
Tênis Fila Float Prime Masculino Adulto Confortável Original,263
Torneira Metal Inox Filtro Gourmet Pia Cozinha Parede Luxo,104
Geladeira Multidoor Im8s Inverter 590 Litros Inox Electrolux 110V,6.469
Carrinho De Bebê Toffy Bege - Cosco Kids,394
Kit Com 10 Cuecas Boxer Algodão Sem Costura Zorba,164
Kit Com 5 Camisetas Masculinas Básicas Hering ,127
Kit 5 Camisetas Básicas Masculina Dry Fit Lisa Tradicional ,67
Camera de Segurança Wifi Im7 Full Color 360°  Speed Dome Intelbras,526
Kit 6 Pares Meias Masculina Lupo Cano Curto Algodão,58
"Tela Galvanizada Galinheiro Fio Bwg23 1,50x50metros Horta",198
Bicicleta Aro 29 Krw Alumínio 24 Vel Freio A Disco X42,949
Micro-ondas 32 Litros Branco- 220V - CMS46AB Consul,658
Misturador Elétrico De Argamassa P/ Tinta Gesso Rejunte Textura 220V,290
Oxímetro Digital para dedo G-Tech LED branco/azul,92
Controle joystick sem fio Sony PlayStation 5 DualSense midnight black,381
Corda De Sisal 16mm 100 Metros Cercas E Decks Decoração,367
Tênis Feminino Polo Ultrabone Caminhada Academia + Relógio,75
"Fritadeira Air Fryer Britânia 4,2l 1500w Bfr38 Dura Mais Cor Preto 220V",259
Torneira Metal Com Filtro Cozinha Gourmet Bancada  Pia Mesa,99
Tênis Feminino Asics Gel Original Novo Leve Macio Esportes,97
Tênis Branco Feminino Vili Para Caminhada Academia Treino,78
Smart Tv Philips 50 Ambilight 4k Led Google Tv 50pug7908/78,2.199
Tenis Olympikus Cyber Masculino Original Academia Caminhada,185
Jogo De Toalhas Buddemeyer Brisa Banho 5 Peças ,169
Impressora Multifuncional Ecotank L4260 Bivolt Epson Cor Preto,1.570
Sandália Feminina Elástico Ortopédica Anatômica,59
Vaso Sanitário Monobloco Completo - Caixa Acoplada Privada Cor Branco,659
Conjunto Panelas 17 Pc Antiaderente Brinde Panela Pressão,393
Kit 3 Sutiãs Com Bojo Alça Reforçada Cores Lisas Full252,60
Xiaomi Redimi 13c 256gb 8gb Ram Versão Global + Nota Fiscal,1.130
Furadeira E Parafusadeira Impacto 18v Gsb 180-li Bosch + Kit,688
Tênis Nike Downshifter 12 Masculino,203
Fone De Ouvido Jbl Tune Flex Bluetooth Sem Fio Preto Jbl,403
Kit 2câmera Ip Icsee Prova D'água Infravermelho Externa Wifi,200
Aspirador De Pó Acqua Power Aqp20 10l Preto Electrolux 220v Cor Laranja/Preto,278
Kit 40 Ferramentas Estepe Macaco 2 Toneladas Jacarézinho,164
Infinix Hot 30i Dual SIM 128 GB glacier blue 4 GB RAM,748
Micro-ondas de Bancada Electrolux Prata 27L com 55 receitas pré-programadas no Menu Online MS37R 220v,749
Creme Hidratante Cetaphil 453g,81
Cafeteira Espresso Lov Automática Vermelha 3 Corações 220v,379
Chapinha De Cabelo Mq Professional Titanium Pro 480 Bivolt Cor Chumbo 110V/220V,419
Smart Tv 60' 60uq8050 4k Uhd LG Bivolt,2.849
Fogão Cooktop Fischer 5 Queimadores TC Infinity Gás Mesa Inox Bivolt,1.129
Kit 12 Pares Meia Feminina Cano Curto Soquete Colorido,29
Oxímetro Digital Portátil De Dedo Oled Graph G-tech,101
Fone de ouvido sem fio JBL Tune 520BT preto,229
Jogo De Chaves Combinadas Kit 26 Peças 06-32mm Nove54,338
Fone de ouvido sem fio JBL Tune 520BT preto,229
Repetidor Wifi Sinal Wireless Amplificador Extensor Potente,49
Parafusadeira Furadeira 21v 2 Baterias Titanium C/ Kit Acess,219
Maquina Acabamento Recarregável Detalhe Cabelo Barba Sem Fio,19
Kit 10 Cuecas Lupo Boxer Masculinas Atacado Box 523 Algodão,183
Cooktop Itatiaia Essencial 5 Bocas Vidro Preto Bivolt 110V/220V,418
Escova Secadora Mondial By Juliette 1200w Es-ju-03 Bivolt 110V/220V,153
Smart Tv Samsung 65 Business 4k Uhd Hdr Hdmi Wi-fi Usb,3.399
Kit Com 10 Cuecas Boxer Algodão Sem Costura Zorba 781,165
Motorola Moto G34 5G Dual Sim 128 GB Preto 4 GB RAM,1.025
Fio Cabo Flexível 4mm 100 Metros Cores Anti Chama Inmetro,277
Kit 3 Calças Jeans Masculina Modelo Slim Envio Imediato,150
Câmera Externa Ip Prova D'água Infravermelho Externa Wifi Hd,119
"Jogo C/ 4 Toalha De Banho Gigante 70 X 1,40 Toalhão Algodão",69
"Panela de Pressão Tramontina Vancouver 20cm 4,5L em Alumínio com Revestimento Interno e Externo Antiaderente Vermelho",201
Console PlayStation®5 Slim Edição Digital 1TB - Sony,3.729
Kit Com 10 Cuecas Boxer Algodão Cotton Masculina Adulto Mash,159
Creatina Pura 300g - Dark Lab Sabor Sem sabor,76
Serra circular elétrica Bosch Professional GKS 150 184mm 1500W azul 220V,585
Fritadeira Elétrica Family Inox Digital Af-30 Mondial 110v,289
Smartphone Motorola G34 5G 256 GB Verde 8 GB RAM,1.169
Cafeteira portátil Nescafé Dolce Gusto Arno Mini Me automática preta para cápsulas monodose 127V,418
Balde Esfregão Perfect Mop Move 3 Refis Com Roda E Alça Cor Cinza,177
Castanha Do Pará Safra Nova 1kg Inteira,49
Conjunto Sala Rack/painel/aparador Sofia Multimóveis Preto,488
Wella Nutri-enrich Shampoo  Condicionador De  1l Mask 500ml,370
Samsung Galaxy S23 FE 5G Dual SIM 128 GB creme 8 GB RAM,2.469
"Manta Para Sofá Gigante Decorativa Protetora 2,40x1,80 ",37
Kit Jogo Lençol Casal Elástico E Fronhas 3pçs 400 Fios Hotel,46
Cafeteira portátil Nescafé Dolce Gusto Arno Mini Me automática vermelha e preta para cápsulas monodose 127V,418
Quarto Bebê Berço Americano Marquesa Guarda Roupa Cômoda Uli,1.352
Cuba De Banheiro Apoio Sobrepor Retangular 43x37 Cm Safira Acabamento Brilhante Cor Branco,191
Creatina Monohidratada 1Kg - 100% Pura - Soldiers Nutrition,201
Lava aspirador Tambor Worker ELW Inox 25 25L prateado e vermelho e preto 220V 60Hz	,738
Whey Protein Isolado Iso Blend Complex 2kg Pretorian Sabor Cookies E Cream,111
Jardim Vertical  Artificial  Buchinho 60x40 Kit 10 Placas,173
Camisetas Raglan Proteção Uv Térmica Camisas Dry Fit Voker,36
"Sutiã Plus Size Base Cruzada Reforçado, Up",39
"Air fryer Philco Gourmet PFR15PG de 4,4L cor preto 220V",359
Apple iPhone 14 (128 GB) - Meia noite - Distribuidor Autorizado,3.989
Pc Computador Completo Intel I7 16gb Ssd 480gb Monitor 19,1.620
Creatina Monohidratada Pote 3000mg 100% Pura  Soldiers Nutrition,66
Pistola Airsoft Rossi 1911 V301 Spring Vigor M1911 Bbs 6mm,154
iPhone 12 128gb Azul Usado,2.715
secador de cabelo Lizze Extreme cinza 110v,439
"Notebook HP ProBook 640 G2 preta 14"", Intel Core i5 6300U  8GB de RAM 240GB SSD, Intel HD Graphics 520 60 Hz 1366x768px Windows 10 Pro",1.420
Apple iPhone 14 Plus (128 GB) - Meia-noite - Distribuidor autorizado,4.321
Aparador De Pelos Serie 3000 7 Em 1 mg3721/77 philips Bivolt,126
"Máquina Serra Fita Bancada Açougue Carne Osso 1,46m 1/3cv bivolt",1.283
Cadeira de escritório Healer Level gamer ergonômica  preta,659
Geladeira Frost Free Duplex 347l Smartsensor Cor Prata Mide 110v,2.799
Cadeira Para Automóvel 9 A 36kg Preto E Vermelho Styll Baby,277
"Panela De Pressão Tramontina Vancouver 4,5 Litros - Grafite Cor Cinza",189
Kit 10 Calcinhas Cós Alto Detalhes Em Renda Lingerie,71
"Panela De Pressão Tramontina Vancouver 4,5 Litros - Grafite Cor Cinza",189
Lavadora De Alta Pressão 1300 Libras Lav 1300 Vonder 127v,325
Conjunto Jogo 13pç Antiaderente Teflon Inmetro Tampa Vidro,290
Fone De Ouvido Bluetooth Sem Fio Tws Microfone Todos Celular,39
Kit Com 10 Cuecas Boxer Algodão Sem Costura Zorba,164
Samsung Galaxy A55 5G Dual SIM 256 GB 8 GB RAM cor Rosa,2.279
Liquidificador L-1100 Bi Turbo 3l Preto E Inox 1100w Mondial Cor Preto/Inox 110V,151
Kit 4 Cuecas Boxer Puma Masculina Box Sem Costura Original,136
Colchão Solteiro D20 Bordado 78 X 188 X 12,224
Mascara Com Progressiva Karseell Importada Maca Power  ,122
Combo Duplo Whey Fusion + 2x Bcaa + 2x Creatina + Shaker,147
Kit Com 5 Camisetas Masculinas Básicas Hering ,127
Kit 5 Camisetas Básicas Masculina Dry Fit Lisa Tradicional ,67
Parafusadeira Furadeira 21v 2 Baterias Titanium C/ Kit Acess,219
Apple iPhone 14 (128 GB) - (PRODUCT)RED - Distribuidor autorizado,3.989
Kit Cftv 8 Câmeras Full Hd 1080p 2mp Dvr Intelbras 8 Ch ,1.390
Carrinho Bebê Napoli Bebê Conforto E Base - Galzerano,1.369
Kit Com 5 Camisetas Básicas Masculina Hering,129
 Electrolux Me36b Efficient 36 Litros Branco 220V,699
"Fritadeira Air Fryer Elétrica Start Fry 3,5l 110v Elgin",225
Tablet Tab M9 Octa-core 4gb 64gb Wi-fi Android 12 Lenovo,898
Voyage legacy KX-27 cadeira infantil para carro 0-36kg preta ,699
"Fio Cabo Flexível 2,5mm 100 Metros Cores Anti Chama Inmetro",189
Cama Carro Infantil Patrulha Canina Com Colchão - Promoção,470
Calça Xadrez Gastronomia Chef Confeitaria Padaria - Pp A Xg,43
Forno Elétrico 60 Litros Pfe60i Prateado Philco 220v,599
Fogão 4 Bocas À Gás Atlas Mônaco Top Glass Preto Bivolt,964
Passadeira A Vapor Vip Care Vp-07 2l 1800w Branco e Azul Mondial 110V,479
Kit C/12 Utensílios De Cozinha Silicone Cabo Madeira,52
"Fritadeira Air Fryer Bfr25p 3,5 Litros Preto Britânia 110v",269
Plataforma Para Fundo De Piscina Aulas De Natação Infantil E,491
Pneu Itaro Aro 14 Mh01 175/65r14 86t Xl Índice De Velocidade T,274
Cadeirinha Infantil P/ Auto Multikids Baby Prius 0 A 25kg Cor Preto,588
Kit Acessórios Banheiro Preto Inox 304 Escovado Luxo 4 Peças Brinovar,270
Nintendo Switch OLED 64GB Standard cor  branco e preto,2.079
Samsung Galaxy A25 5G Dual SIM 256 GB azul 8 GB RAM,1.405
"Smartwatch Huawei Watch Fit Special Edition Gps 1,64"" com design de pulseira preta pulseira de silicone",468
Ventilador Coluna 50cm 180w 8 Pás Silencioso Wap Flow Turbo Frequência 60 Hz 127V,279
Smart Tv 43lm6370 Full Hd 43 Thinqai Bluetooth Hdr LG Bivolt,1.601
First Option 6688 preto 25W,53
"Projetor Portátil, 4k, Android 11, Hy320 Wifi 6 Atualização",660
Vonder SEV 1810T serra de esquadria  telescópica de 50Hz/60Hz 1800W 220V,1.372
Liquidificador Mondial Turbo 3 Velocidades 110v Preto Cor Branco,108
Cafeteira Elétrica Electrolux 30 Xícaras Com Timer Ecm25 Cor Granite grey 110V,199
Projetor 8k Compatível Completo De Hd 1080p 12000 Lm Android,1.019
Forno Elétrico 50L PFE52P Dupla resistência Philco 220V,399
Fogão 4 Bocas Preto com Mesa de Vidro e Timer Digital Dako Supreme Black Glass 127V/220V 60 Litros,1.280
Chuveiro elétrico de parede Lorenzetti Acqua Ultra Duo branco-cromado 7800W 220V,514
The Legend of Zelda: Tears of the Kingdom  Standard Edition Nintendo Switch Físico,277
Kit Mesa 120x90 P/ Sala De Jantar + 4 Cadeiras Gruvyer Retro,639
Torneira Com Filtro Parede Gourmet Flexível + 3 Refil Vela,147
Samsung Galaxy A35 5G Dual SIM 256 GB Rosa 8 GB RAM,1.927
Cadeira De Escritorio Ergonômica Preta Elements Astra,885
